symbol,name,market,industry,yahoo_symbol
1101,台泥,TWSE,01,1101.TW
1102,亞泥,TWSE,01,1102.TW
1103,嘉泥,TWSE,01,1103.TW
1104,環泥,TWSE,01,1104.TW
1108,幸福,TWSE,01,1108.TW
1109,信大,TWSE,01,1109.TW
1110,東泥,TWSE,01,1110.TW
1201,味全,TWSE,02,1201.TW
1203,味王,TWSE,02,1203.TW
1210,大成,TWSE,02,1210.TW
1213,大飲,TWSE,02,1213.TW
1215,卜蜂,TWSE,02,1215.TW
1216,統一,TWSE,02,1216.TW
1217,愛之味,TWSE,02,1217.TW
1218,泰山,TWSE,02,1218.TW
1219,福壽,TWSE,02,1219.TW
1220,台榮,TWSE,02,1220.TW
1225,福懋油,TWSE,02,1225.TW
1227,佳格,TWSE,02,1227.TW
1229,聯華,TWSE,02,1229.TW
1231,聯華食,TWSE,02,1231.TW
1232,大統益,TWSE,02,1232.TW
1233,天仁,TWSE,02,1233.TW
1234,黑松,TWSE,02,1234.TW
1235,興泰,TWSE,02,1235.TW
1236,宏亞,TWSE,02,1236.TW
1240,茂生農經,TPEx,33,1240.TWO
1256,鮮活果汁-KY,TWSE,02,1256.TW
1259,安心,TPEx,16,1259.TWO
1264,德麥,TPEx,02,1264.TWO
1268,漢來美食,TPEx,16,1268.TWO
1294,漢田生技,TPEx,02,1294.TWO
1295,生合,TPEx,02,1295.TWO
1301,台塑,TWSE,03,1301.TW
1303,南亞,TWSE,03,1303.TW
1304,台聚,TWSE,03,1304.TW
1305,華夏,TWSE,03,1305.TW
1307,三芳,TWSE,03,1307.TW
1308,亞聚,TWSE,03,1308.TW
1309,台達化,TWSE,03,1309.TW
1310,台苯,TWSE,03,1310.TW
1312,國喬,TWSE,03,1312.TW
1313,聯成,TWSE,03,1313.TW
1314,中石化,TWSE,03,1314.TW
1315,達新,TWSE,03,1315.TW
1316,上曜,TWSE,14,1316.TW
1319,東陽,TWSE,12,1319.TW
1321,大洋,TWSE,03,1321.TW
1323,永裕,TWSE,03,1323.TW
1324,地球,TWSE,03,1324.TW
1325,恆大,TWSE,03,1325.TW
1326,台化,TWSE,03,1326.TW
1336,台翰,TPEx,28,1336.TWO
1337,再生-KY,TWSE,03,1337.TW
1338,廣華-KY,TWSE,12,1338.TW
1339,昭輝,TWSE,12,1339.TW
1340,勝悅-KY,TWSE,03,1340.TW
1341,富林-KY,TWSE,03,1341.TW
1342,八貫,TWSE,20,1342.TW
1402,遠東新,TWSE,04,1402.TW
1409,新纖,TWSE,04,1409.TW
1410,南染,TWSE,04,1410.TW
1413,宏洲,TWSE,04,1413.TW
1414,東和,TWSE,04,1414.TW
1416,廣豐,TWSE,20,1416.TW
1417,嘉裕,TWSE,04,1417.TW
1418,東華,TWSE,04,1418.TW
1419,新紡,TWSE,04,1419.TW
1423,利華,TWSE,04,1423.TW
1432,大魯閣,TWSE,37,1432.TW
1434,福懋,TWSE,04,1434.TW
1435,中福,TWSE,20,1435.TW
1436,華友聯,TWSE,14,1436.TW
1437,勤益控,TWSE,20,1437.TW
1438,三地開發,TWSE,14,1438.TW
1439,雋揚,TWSE,14,1439.TW
1440,南紡,TWSE,04,1440.TW
1441,大東,TWSE,04,1441.TW
1442,名軒,TWSE,14,1442.TW
1443,立益物流,TWSE,20,1443.TW
1444,力麗,TWSE,04,1444.TW
1445,大宇,TWSE,04,1445.TW
1446,宏和,TWSE,04,1446.TW
1447,力鵬,TWSE,04,1447.TW
1449,佳和,TWSE,04,1449.TW
1451,年興,TWSE,04,1451.TW
1452,宏益,TWSE,04,1452.TW
1453,大將,TWSE,14,1453.TW
1454,台富,TWSE,04,1454.TW
1455,集盛,TWSE,04,1455.TW
1456,怡華,TWSE,14,1456.TW
1457,宜進,TWSE,04,1457.TW
1459,聯發,TWSE,04,1459.TW
1460,宏遠,TWSE,04,1460.TW
1463,強盛新,TWSE,04,1463.TW
1464,得力,TWSE,04,1464.TW
1465,偉全,TWSE,04,1465.TW
1466,聚隆,TWSE,04,1466.TW
1467,南緯,TWSE,04,1467.TW
1468,昶和,TWSE,04,1468.TW
1470,大統新創,TWSE,04,1470.TW
1471,首利,TWSE,28,1471.TW
1472,三洋實業,TWSE,14,1472.TW
1473,台南,TWSE,04,1473.TW
1474,弘裕,TWSE,04,1474.TW
1475,業旺,TWSE,04,1475.TW
1476,儒鴻,TWSE,04,1476.TW
1477,聚陽,TWSE,04,1477.TW
1503,士電,TWSE,05,1503.TW
1504,東元,TWSE,05,1504.TW
1506,正道,TWSE,05,1506.TW
1512,瑞利,TWSE,12,1512.TW
1513,中興電,TWSE,05,1513.TW
1514,亞力,TWSE,05,1514.TW
1515,力山,TWSE,05,1515.TW
1516,川飛,TWSE,20,1516.TW
1517,利奇,TWSE,05,1517.TW
1519,華城,TWSE,05,1519.TW
1521,大億,TWSE,12,1521.TW
1522,堤維西,TWSE,12,1522.TW
1524,耿鼎,TWSE,12,1524.TW
1525,江申,TWSE,12,1525.TW
1526,日馳,TWSE,05,1526.TW
1527,鑽全,TWSE,05,1527.TW
1528,恩德,TWSE,05,1528.TW
1529,樂事綠能,TWSE,05,1529.TW
1530,亞崴,TWSE,05,1530.TW
1531,高林股,TWSE,05,1531.TW
1532,勤美,TWSE,05,1532.TW
1533,車王電,TWSE,12,1533.TW
1535,中宇,TWSE,05,1535.TW
1536,和大,TWSE,12,1536.TW
1537,廣隆,TWSE,05,1537.TW
1538,正峰,TWSE,05,1538.TW
1539,巨庭,TWSE,05,1539.TW
1540,喬福,TWSE,05,1540.TW
1541,錩泰,TWSE,05,1541.TW
1558,伸興,TWSE,05,1558.TW
1560,中砂,TWSE,05,1560.TW
1563,巧新,TWSE,12,1563.TW
1565,精華,TPEx,22,1565.TWO
1568,倉佑,TWSE,12,1568.TW
1569,濱川,TPEx,25,1569.TWO
1570,力肯,TPEx,05,1570.TWO
1580,新麥,TPEx,05,1580.TWO
1582,信錦,TWSE,28,1582.TW
1583,程泰,TWSE,05,1583.TW
1584,精剛,TPEx,20,1584.TWO
1586,和勤,TPEx,05,1586.TWO
1587,吉茂,TWSE,12,1587.TW
1589,永冠-KY,TWSE,05,1589.TW
1590,亞德客-KY,TWSE,05,1590.TW
1591,駿吉-KY,TPEx,05,1591.TWO
1593,祺驊,TPEx,37,1593.TWO
1595,川寶,TPEx,28,1595.TWO
1597,直得,TWSE,05,1597.TW
1598,岱宇,TWSE,37,1598.TW
1599,宏佳騰,TPEx,05,1599.TWO
1603,華電,TWSE,06,1603.TW
1604,聲寶,TWSE,06,1604.TW
1605,華新,TWSE,06,1605.TW
1608,華榮,TWSE,06,1608.TW
1609,大亞,TWSE,06,1609.TW
1611,中電,TWSE,06,1611.TW
1612,宏泰,TWSE,06,1612.TW
1614,三洋電,TWSE,06,1614.TW
1615,大山,TWSE,06,1615.TW
1616,億泰,TWSE,06,1616.TW
1617,榮星,TWSE,06,1617.TW
1618,合機,TWSE,06,1618.TW
1623,大東電,TWSE,06,1623.TW
1626,艾美特-KY,TWSE,06,1626.TW
1702,南僑,TWSE,02,1702.TW
1707,葡萄王,TWSE,22,1707.TW
1708,東鹼,TWSE,21,1708.TW
1709,和益,TWSE,21,1709.TW
1710,東聯,TWSE,21,1710.TW
1711,永光,TWSE,21,1711.TW
1712,興農,TWSE,21,1712.TW
1713,國化,TWSE,21,1713.TW
1714,和桐,TWSE,21,1714.TW
1717,長興,TWSE,21,1717.TW
1718,中纖,TWSE,21,1718.TW
1720,生達,TWSE,22,1720.TW
1721,三晃,TWSE,21,1721.TW
1722,台肥,TWSE,21,1722.TW
1723,中碳,TWSE,21,1723.TW
1725,元禎,TWSE,21,1725.TW
1726,永記,TWSE,21,1726.TW
1727,中華化,TWSE,21,1727.TW
1730,花仙子,TWSE,21,1730.TW
1731,美吾華,TWSE,22,1731.TW
1732,毛寶,TWSE,21,1732.TW
1733,五鼎,TWSE,22,1733.TW
1734,杏輝,TWSE,22,1734.TW
1735,日勝化,TWSE,21,1735.TW
1736,喬山,TWSE,37,1736.TW
1737,臺鹽,TWSE,02,1737.TW
1742,台蠟,TPEx,21,1742.TWO
1752,南光,TWSE,22,1752.TW
1760,寶齡富錦,TWSE,22,1760.TW
1762,中化生,TWSE,22,1762.TW
1773,勝一,TWSE,21,1773.TW
1776,展宇,TWSE,21,1776.TW
1777,生泰,TPEx,22,1777.TWO
1781,合世,TPEx,22,1781.TWO
1783,和康生,TWSE,22,1783.TW
1784,訊聯,TPEx,22,1784.TWO
1785,光洋科,TPEx,31,1785.TWO
1786,科妍,TWSE,22,1786.TW
1788,杏昌,TPEx,22,1788.TWO
1789,神隆,TWSE,22,1789.TW
1795,美時,TWSE,22,1795.TW
1796,金穎生技,TPEx,02,1796.TWO
1799,易威,TPEx,22,1799.TWO
1802,台玻,TWSE,08,1802.TW
1805,寶徠,TWSE,14,1805.TW
1806,冠軍,TWSE,08,1806.TW
1808,潤隆,TWSE,14,1808.TW
1809,中釉,TWSE,08,1809.TW
1810,和成,TWSE,08,1810.TW
1813,寶利徠,TPEx,22,1813.TWO
1815,富喬,TPEx,28,1815.TWO
1817,凱撒衛,TWSE,08,1817.TW
1903,士紙,TWSE,09,1903.TW
1904,正隆,TWSE,09,1904.TW
1905,華紙,TWSE,09,1905.TW
1906,寶隆,TWSE,09,1906.TW
1907,永豐餘,TWSE,09,1907.TW
1909,榮成,TWSE,09,1909.TW
2002,中鋼,TWSE,10,2002.TW
2006,東和鋼鐵,TWSE,10,2006.TW
2007,燁興,TWSE,10,2007.TW
2008,高興昌,TWSE,10,2008.TW
2009,第一銅,TWSE,10,2009.TW
2010,春源,TWSE,10,2010.TW
2012,春雨,TWSE,10,2012.TW
2013,中鋼構,TWSE,10,2013.TW
2014,中鴻,TWSE,10,2014.TW
2015,豐興,TWSE,10,2015.TW
2017,官田鋼,TWSE,10,2017.TW
2020,美亞,TWSE,10,2020.TW
2022,聚亨,TWSE,10,2022.TW
2023,燁輝,TWSE,10,2023.TW
2024,志聯,TWSE,10,2024.TW
2025,千興,TWSE,10,2025.TW
2027,大成鋼,TWSE,10,2027.TW
2028,威致,TWSE,10,2028.TW
2029,盛餘,TWSE,10,2029.TW
2030,彰源,TWSE,10,2030.TW
2031,新光鋼,TWSE,10,2031.TW
2032,新鋼,TWSE,10,2032.TW
2033,佳大,TWSE,10,2033.TW
2034,允強,TWSE,10,2034.TW
2035,唐榮公司,TPEx,10,2035.TWO
2038,海光,TWSE,10,2038.TW
2049,上銀,TWSE,05,2049.TW
2059,川湖,TWSE,28,2059.TW
2061,風青,TPEx,06,2061.TWO
2062,橋椿,TWSE,38,2062.TW
2063,世鎧精密,TPEx,10,2063.TWO
2064,晉椿,TPEx,10,2064.TWO
2065,世豐,TPEx,10,2065.TWO
2066,世德,TPEx,05,2066.TWO
2067,嘉鋼,TPEx,05,2067.TWO
2069,運錩,TWSE,10,2069.TW
2070,精湛,TPEx,05,2070.TWO
2072,世紀風電,TWSE,35,2072.TW
2073,雄順,TPEx,10,2073.TWO
2101,南港,TWSE,11,2101.TW
2102,泰豐,TWSE,11,2102.TW
2103,台橡,TWSE,11,2103.TW
2104,國際中橡,TWSE,11,2104.TW
2105,正新,TWSE,11,2105.TW
2106,建大,TWSE,11,2106.TW
2107,厚生,TWSE,11,2107.TW
2108,南帝,TWSE,11,2108.TW
2109,華豐,TWSE,11,2109.TW
2114,鑫永銓,TWSE,11,2114.TW
2115,六暉-KY,TWSE,12,2115.TW
2201,裕隆,TWSE,12,2201.TW
2204,中華,TWSE,12,2204.TW
2206,三陽工業,TWSE,12,2206.TW
2207,和泰車,TWSE,12,2207.TW
2208,台船,TWSE,15,2208.TW
2211,長榮鋼,TWSE,10,2211.TW
2221,大甲,TPEx,20,2221.TWO
2227,裕日車,TWSE,12,2227.TW
2228,劍麟,TWSE,12,2228.TW
2230,泰茂,TPEx,05,2230.TWO
2231,為升,TWSE,12,2231.TW
2233,宇隆,TWSE,12,2233.TW
2235,謚源,TPEx,05,2235.TWO
2236,百達-KY,TWSE,12,2236.TW
2239,英利-KY,TWSE,12,2239.TW
2241,艾姆勒,TWSE,12,2241.TW
2243,宏旭-KY,TWSE,12,2243.TW
2247,汎德永業,TWSE,12,2247.TW
2248,華勝-KY,TWSE,12,2248.TW
2250,IKKA-KY,TWSE,12,2250.TW
2254,巨鎧精密-創,TWSE,12,2254.TW
2258,鴻華先進-創,TWSE,12,2258.TW
2301,光寶科,TWSE,25,2301.TW
2302,麗正,TWSE,24,2302.TW
2303,聯電,TWSE,24,2303.TW
2305,全友,TWSE,25,2305.TW
2308,台達電,TWSE,28,2308.TW
2312,金寶,TWSE,31,2312.TW
2313,華通,TWSE,28,2313.TW
2314,台揚,TWSE,27,2314.TW
2316,楠梓電,TWSE,28,2316.TW
2317,鴻海,TWSE,31,2317.TW
2321,東訊,TWSE,27,2321.TW
2323,中環,TWSE,26,2323.TW
2324,仁寶,TWSE,25,2324.TW
2327,國巨*,TWSE,28,2327.TW
2328,廣宇,TWSE,28,2328.TW
2329,華泰,TWSE,24,2329.TW
2330,台積電,TWSE,24,2330.TW
2331,精英,TWSE,25,2331.TW
2332,友訊,TWSE,27,2332.TW
2337,旺宏,TWSE,24,2337.TW
2338,光罩,TWSE,24,2338.TW
2340,台亞,TWSE,24,2340.TW
2342,茂矽,TWSE,24,2342.TW
2344,華邦電,TWSE,24,2344.TW
2345,智邦,TWSE,27,2345.TW
2347,聯強,TWSE,29,2347.TW
2348,海悅,TWSE,20,2348.TW
2349,錸德,TWSE,26,2349.TW
2351,順德,TWSE,24,2351.TW
2352,佳世達,TWSE,25,2352.TW
2353,宏碁,TWSE,25,2353.TW
2354,鴻準,TWSE,31,2354.TW
2355,敬鵬,TWSE,28,2355.TW
2356,英業達,TWSE,25,2356.TW
2357,華碩,TWSE,25,2357.TW
2359,所羅門,TWSE,31,2359.TW
2360,致茂,TWSE,31,2360.TW
2362,藍天,TWSE,25,2362.TW
2363,矽統,TWSE,24,2363.TW
2364,倫飛,TWSE,25,2364.TW
2365,昆盈,TWSE,25,2365.TW
2367,燿華,TWSE,28,2367.TW
2368,金像電,TWSE,28,2368.TW
2369,菱生,TWSE,24,2369.TW
2371,大同,TWSE,05,2371.TW
2373,震旦行,TWSE,31,2373.TW
2374,佳能,TWSE,26,2374.TW
2375,凱美,TWSE,28,2375.TW
2376,技嘉,TWSE,25,2376.TW
2377,微星,TWSE,25,2377.TW
2379,瑞昱,TWSE,24,2379.TW
2380,虹光,TWSE,25,2380.TW
2382,廣達,TWSE,25,2382.TW
2383,台光電,TWSE,28,2383.TW
2385,群光,TWSE,28,2385.TW
2387,精元,TWSE,25,2387.TW
2388,威盛,TWSE,24,2388.TW
2390,云辰,TWSE,31,2390.TW
2392,正崴,TWSE,28,2392.TW
2393,億光,TWSE,26,2393.TW
2395,研華,TWSE,25,2395.TW
2397,友通,TWSE,25,2397.TW
2399,映泰,TWSE,25,2399.TW
2401,凌陽,TWSE,24,2401.TW
2402,毅嘉,TWSE,28,2402.TW
2404,漢唐,TWSE,31,2404.TW
2405,輔信,TWSE,25,2405.TW
2406,國碩,TWSE,26,2406.TW
2408,南亞科,TWSE,24,2408.TW
2409,友達,TWSE,26,2409.TW
2412,中華電,TWSE,27,2412.TW
2413,環科,TWSE,28,2413.TW
2414,精技,TWSE,29,2414.TW
2415,錩新,TWSE,28,2415.TW
2417,圓剛,TWSE,25,2417.TW
2419,仲琦,TWSE,27,2419.TW
2420,新巨,TWSE,28,2420.TW
2421,建準,TWSE,28,2421.TW
2423,固緯,TWSE,31,2423.TW
2424,隴華,TWSE,27,2424.TW
2425,承啟,TWSE,25,2425.TW
2426,鼎元,TWSE,26,2426.TW
2427,三商電,TWSE,30,2427.TW
2428,興勤,TWSE,28,2428.TW
2429,銘旺科,TWSE,26,2429.TW
2430,燦坤,TWSE,29,2430.TW
2431,聯昌,TWSE,28,2431.TW
2432,倚天酷碁-創,TWSE,25,2432.TW
2433,互盛電,TWSE,31,2433.TW
2434,統懋,TWSE,24,2434.TW
2436,偉詮電,TWSE,24,2436.TW
2438,翔耀,TWSE,26,2438.TW
2439,美律,TWSE,27,2439.TW
2440,太空梭,TWSE,28,2440.TW
2441,超豐,TWSE,24,2441.TW
2442,新美齊,TWSE,14,2442.TW
2444,兆勁,TWSE,27,2444.TW
2449,京元電子,TWSE,24,2449.TW
2450,神腦,TWSE,27,2450.TW
2451,創見,TWSE,24,2451.TW
2453,凌群,TWSE,30,2453.TW
2454,聯發科,TWSE,24,2454.TW
2455,全新,TWSE,27,2455.TW
2457,飛宏,TWSE,28,2457.TW
2458,義隆,TWSE,24,2458.TW
2459,敦吉,TWSE,31,2459.TW
2460,建通,TWSE,28,2460.TW
2461,光群雷,TWSE,31,2461.TW
2462,良得電,TWSE,28,2462.TW
2464,盟立,TWSE,31,2464.TW
2465,麗臺,TWSE,25,2465.TW
2466,冠西電,TWSE,26,2466.TW
2467,志聖,TWSE,28,2467.TW
2468,華經,TWSE,30,2468.TW
2471,資通,TWSE,30,2471.TW
2472,立隆電,TWSE,28,2472.TW
2474,可成,TWSE,31,2474.TW
2476,鉅祥,TWSE,28,2476.TW
2477,美隆電,TWSE,31,2477.TW
2478,大毅,TWSE,28,2478.TW
2480,敦陽科,TWSE,30,2480.TW
2481,強茂,TWSE,24,2481.TW
2482,連宇,TWSE,31,2482.TW
2483,百容,TWSE,28,2483.TW
2484,希華,TWSE,28,2484.TW
2485,兆赫,TWSE,27,2485.TW
2486,一詮,TWSE,26,2486.TW
2488,漢平,TWSE,31,2488.TW
2489,瑞軒,TWSE,26,2489.TW
2491,吉祥全,TWSE,26,2491.TW
2492,華新科,TWSE,28,2492.TW
2493,揚博,TWSE,28,2493.TW
2495,普安,TWSE,25,2495.TW
2496,卓越,TWSE,20,2496.TW
2497,怡利電,TWSE,12,2497.TW
2498,宏達電,TWSE,27,2498.TW
2501,國建,TWSE,14,2501.TW
2504,國產,TWSE,14,2504.TW
2505,國揚,TWSE,14,2505.TW
2506,太設,TWSE,14,2506.TW
2509,全坤建,TWSE,14,2509.TW
2511,太子,TWSE,14,2511.TW
2514,龍邦,TWSE,20,2514.TW
2515,中工,TWSE,14,2515.TW
2516,新建,TWSE,14,2516.TW
2520,冠德,TWSE,14,2520.TW
2524,京城,TWSE,14,2524.TW
2527,宏璟,TWSE,14,2527.TW
2528,皇普,TWSE,14,2528.TW
2530,華建,TWSE,14,2530.TW
2534,宏盛,TWSE,14,2534.TW
2535,達欣工,TWSE,14,2535.TW
2536,宏普,TWSE,14,2536.TW
2537,聯上發,TWSE,14,2537.TW
2538,基泰,TWSE,14,2538.TW
2539,櫻花建,TWSE,14,2539.TW
2540,愛山林,TWSE,14,2540.TW
2542,興富發,TWSE,14,2542.TW
2543,皇昌,TWSE,14,2543.TW
2545,皇翔,TWSE,14,2545.TW
2546,根基,TWSE,14,2546.TW
2547,日勝生,TWSE,14,2547.TW
2548,華固,TWSE,14,2548.TW
2596,綠意,TPEx,14,2596.TWO
2597,潤弘,TWSE,14,2597.TW
2601,益航,TWSE,18,2601.TW
2603,長榮,TWSE,15,2603.TW
2605,新興,TWSE,15,2605.TW
2606,裕民,TWSE,15,2606.TW
2607,榮運,TWSE,15,2607.TW
2608,嘉里大榮,TWSE,15,2608.TW
2609,陽明,TWSE,15,2609.TW
2610,華航,TWSE,15,2610.TW
2611,志信,TWSE,15,2611.TW
2612,中航,TWSE,15,2612.TW
2613,中櫃,TWSE,15,2613.TW
2614,東森,TWSE,20,2614.TW
2615,萬海,TWSE,15,2615.TW
2616,山隆,TWSE,23,2616.TW
2617,台航,TWSE,15,2617.TW
2618,長榮航,TWSE,15,2618.TW
2630,亞航,TWSE,15,2630.TW
2633,台灣高鐵,TWSE,15,2633.TW
2634,漢翔,TWSE,15,2634.TW
2636,台驊控股,TWSE,15,2636.TW
2637,慧洋-KY,TWSE,15,2637.TW
2640,大車隊,TPEx,36,2640.TWO
2641,正德,TPEx,15,2641.TWO
2642,宅配通,TWSE,15,2642.TW
2643,捷迅,TPEx,15,2643.TWO
2645,長榮航太,TWSE,15,2645.TW
2646,星宇航空,TWSE,15,2646.TW
2701,萬企,TWSE,16,2701.TW
2702,華園,TWSE,16,2702.TW
2704,國賓,TWSE,16,2704.TW
2705,六福,TWSE,16,2705.TW
2706,第一店,TWSE,16,2706.TW
2707,晶華,TWSE,16,2707.TW
2712,遠雄來,TWSE,16,2712.TW
2718,全心投控,TPEx,14,2718.TWO
2719,燦星旅,TPEx,16,2719.TWO
2722,夏都,TWSE,16,2722.TW
2723,美食-KY,TWSE,16,2723.TW
2724,藝舍-KY,TPEx,20,2724.TWO
2726,雅茗-KY,TPEx,16,2726.TWO
2727,王品,TWSE,16,2727.TW
2729,瓦城,TPEx,16,2729.TWO
2731,雄獅,TWSE,16,2731.TW
2732,六角,TPEx,16,2732.TWO
2734,易飛網,TPEx,16,2734.TWO
2736,富野,TPEx,16,2736.TWO
2739,寒舍,TWSE,16,2739.TW
2740,華軒,TPEx,16,2740.TWO
2743,山富,TPEx,16,2743.TWO
2745,五福,TPEx,16,2745.TWO
2748,雲品,TWSE,16,2748.TW
2751,王座,TPEx,16,2751.TWO
2752,豆府,TPEx,16,2752.TWO
2753,八方雲集,TWSE,16,2753.TW
2754,亞洲藏壽司,TPEx,16,2754.TWO
2755,揚秦,TPEx,16,2755.TWO
2756,聯發國際,TPEx,16,2756.TWO
2762,世界健身-KY,TWSE,37,2762.TW
2801,彰銀,TWSE,17,2801.TW
2812,台中銀,TWSE,17,2812.TW
2816,旺旺保,TWSE,17,2816.TW
2820,華票,TWSE,17,2820.TW
2832,台產,TWSE,17,2832.TW
2834,臺企銀,TWSE,17,2834.TW
2836,高雄銀,TWSE,17,2836.TW
2838,聯邦銀,TWSE,17,2838.TW
2845,遠東銀,TWSE,17,2845.TW
2849,安泰銀,TWSE,17,2849.TW
2850,新產,TWSE,17,2850.TW
2851,中再保,TWSE,17,2851.TW
2852,第一保,TWSE,17,2852.TW
2855,統一證,TWSE,17,2855.TW
2867,三商壽,TWSE,17,2867.TW
2880,華南金,TWSE,17,2880.TW
2881,富邦金,TWSE,17,2881.TW
2882,國泰金,TWSE,17,2882.TW
2883,凱基金,TWSE,17,2883.TW
2884,玉山金,TWSE,17,2884.TW
2885,元大金,TWSE,17,2885.TW
2886,兆豐金,TWSE,17,2886.TW
2887,台新新光金,TWSE,17,2887.TW
2889,國票金,TWSE,17,2889.TW
2890,永豐金,TWSE,17,2890.TW
2891,中信金,TWSE,17,2891.TW
2892,第一金,TWSE,17,2892.TW
2897,王道銀行,TWSE,17,2897.TW
2901,欣欣,TWSE,18,2901.TW
2903,遠百,TWSE,18,2903.TW
2904,匯僑,TWSE,20,2904.TW
2905,三商,TWSE,18,2905.TW
2906,高林,TWSE,18,2906.TW
2908,特力,TWSE,18,2908.TW
2910,統領,TWSE,18,2910.TW
2911,麗嬰房,TWSE,18,2911.TW
2912,統一超,TWSE,18,2912.TW
2913,農林,TWSE,18,2913.TW
2915,潤泰全,TWSE,18,2915.TW
2916,滿心,TPEx,38,2916.TWO
2923,鼎固-KY,TWSE,14,2923.TW
2924,宏太-KY,TPEx,38,2924.TWO
2926,誠品生活,TPEx,32,2926.TWO
2929,淘帝-KY,TWSE,18,2929.TW
2937,集雅社,TPEx,38,2937.TWO
2939,永邑-KY,TWSE,18,2939.TW
2941,米斯特,TPEx,38,2941.TWO
2945,三商家購,TWSE,18,2945.TW
2947,振宇五金,TPEx,38,2947.TWO
2948,寶陞,TPEx,38,2948.TWO
2949,欣新網,TPEx,36,2949.TWO
3002,歐格,TWSE,25,3002.TW
3003,健和興,TWSE,28,3003.TW
3004,豐達科,TWSE,10,3004.TW
3005,神基,TWSE,25,3005.TW
3006,晶豪科,TWSE,24,3006.TW
3008,大立光,TWSE,26,3008.TW
3010,華立,TWSE,29,3010.TW
3011,今皓,TWSE,28,3011.TW
3013,晟銘電,TWSE,25,3013.TW
3014,聯陽,TWSE,24,3014.TW
3015,全漢,TWSE,28,3015.TW
3016,嘉晶,TWSE,24,3016.TW
3017,奇鋐,TWSE,25,3017.TW
3018,隆銘綠能,TWSE,31,3018.TW
3019,亞光,TWSE,26,3019.TW
3021,鴻名,TWSE,28,3021.TW
3022,威強電,TWSE,25,3022.TW
3023,信邦,TWSE,28,3023.TW
3024,憶聲,TWSE,26,3024.TW
3025,星通,TWSE,27,3025.TW
3026,禾伸堂,TWSE,28,3026.TW
3027,盛達,TWSE,27,3027.TW
3028,增你強,TWSE,29,3028.TW
3029,零壹,TWSE,30,3029.TW
3030,德律,TWSE,31,3030.TW
3031,佰鴻,TWSE,26,3031.TW
3032,偉訓,TWSE,28,3032.TW
3033,威健,TWSE,29,3033.TW
3034,聯詠,TWSE,24,3034.TW
3035,智原,TWSE,24,3035.TW
3036,文曄,TWSE,29,3036.TW
3037,欣興,TWSE,28,3037.TW
3038,全台,TWSE,26,3038.TW
3040,遠見,TWSE,20,3040.TW
3041,揚智,TWSE,24,3041.TW
3042,晶技,TWSE,28,3042.TW
3043,科風,TWSE,31,3043.TW
3044,健鼎,TWSE,28,3044.TW
3045,台灣大,TWSE,27,3045.TW
3046,建碁,TWSE,25,3046.TW
3047,訊舟,TWSE,27,3047.TW
3048,益登,TWSE,29,3048.TW
3049,精金,TWSE,26,3049.TW
3050,鈺德,TWSE,26,3050.TW
3051,力特,TWSE,26,3051.TW
3052,夆典,TWSE,14,3052.TW
3054,立萬利,TWSE,02,3054.TW
3055,蔚華科,TWSE,29,3055.TW
3056,富華新,TWSE,14,3056.TW
3057,喬鼎,TWSE,25,3057.TW
3058,立德,TWSE,28,3058.TW
3059,華晶科,TWSE,26,3059.TW
3060,銘異,TWSE,25,3060.TW
3062,建漢,TWSE,27,3062.TW
3064,泰偉,TPEx,32,3064.TWO
3066,李洲,TPEx,26,3066.TWO
3067,全域,TPEx,31,3067.TWO
3071,協禧,TPEx,25,3071.TWO
3073,天方能源,TPEx,35,3073.TWO
3078,僑威,TPEx,28,3078.TWO
3081,聯亞,TPEx,27,3081.TWO
3083,網龍,TPEx,32,3083.TWO
3085,新零售,TPEx,36,3085.TWO
3086,華義*,TPEx,32,3086.TWO
3088,艾訊,TPEx,25,3088.TWO
3090,日電貿,TWSE,28,3090.TW
3092,鴻碩,TWSE,28,3092.TW
3093,港建*,TPEx,31,3093.TWO
3094,聯傑,TWSE,24,3094.TW
3095,及成,TPEx,27,3095.TWO
3105,穩懋,TPEx,24,3105.TWO
3114,好德,TPEx,28,3114.TWO
3115,富榮綱,TPEx,28,3115.TWO
3118,進階,TPEx,22,3118.TWO
3122,笙泉,TPEx,24,3122.TWO
3128,昇銳,TPEx,26,3128.TWO
3130,一零四,TWSE,36,3130.TW
3131,弘塑,TPEx,31,3131.TWO
3135,凌航,TWSE,24,3135.TW
3138,耀登,TWSE,27,3138.TW
3141,晶宏,TPEx,24,3141.TWO
3147,大綜,TPEx,30,3147.TWO
3149,正達,TWSE,26,3149.TW
3150,鈺寶-創,TWSE,24,3150.TW
3152,璟德,TPEx,27,3152.TWO
3158,嘉實,TPEx,30,3158.TWO
3162,精確,TPEx,05,3162.TWO
3163,波若威,TPEx,27,3163.TWO
3164,景岳,TWSE,22,3164.TW
3167,大量,TWSE,05,3167.TW
3168,眾福科,TWSE,26,3168.TW
3169,亞信,TPEx,24,3169.TWO
3171,炎洲流通,TPEx,38,3171.TWO
3176,基亞,TPEx,22,3176.TWO
3178,公準,TPEx,24,3178.TWO
3188,鑫龍騰,TPEx,14,3188.TWO
3189,景碩,TWSE,24,3189.TW
3191,雲嘉南,TPEx,28,3191.TWO
3205,佰研,TPEx,22,3205.TWO
3206,志豐,TPEx,28,3206.TWO
3207,耀勝,TPEx,28,3207.TWO
3209,全科,TWSE,29,3209.TW
3211,順達,TPEx,25,3211.TWO
3213,茂訊,TPEx,25,3213.TWO
3217,優群,TPEx,28,3217.TWO
3218,大學光,TPEx,22,3218.TWO
3219,倚強科,TPEx,31,3219.TWO
3221,台嘉碩,TPEx,27,3221.TWO
3224,三顧,TPEx,29,3224.TWO
3226,龍鋒,TPEx,05,3226.TWO
3227,原相,TPEx,24,3227.TWO
3228,金麗科,TPEx,24,3228.TWO
3229,晟鈦,TWSE,28,3229.TW
3230,錦明,TPEx,26,3230.TWO
3231,緯創,TWSE,25,3231.TW
3232,昱捷,TPEx,29,3232.TWO
3234,光環,TPEx,27,3234.TWO
3236,千如,TPEx,28,3236.TWO
3252,海灣,TPEx,16,3252.TWO
3257,虹冠電,TWSE,24,3257.TW
3259,鑫創,TPEx,24,3259.TWO
3260,威剛,TPEx,24,3260.TWO
3264,欣銓,TPEx,24,3264.TWO
3265,台星科,TPEx,24,3265.TWO
3266,昇陽,TWSE,14,3266.TW
3268,海德威,TPEx,24,3268.TWO
3272,東碩,TPEx,25,3272.TWO
3276,宇環,TPEx,28,3276.TWO
3284,太普高,TPEx,20,3284.TWO
3285,微端,TPEx,31,3285.TWO
3287,廣寰科,TPEx,25,3287.TWO
3288,點晶,TPEx,28,3288.TWO
3289,宜特,TPEx,31,3289.TWO
3290,東浦,TPEx,28,3290.TWO
3293,鈊象,TPEx,32,3293.TWO
3294,英濟,TPEx,28,3294.TWO
3296,勝德,TWSE,28,3296.TW
3297,杭特,TPEx,26,3297.TWO
3303,岱稜,TPEx,31,3303.TWO
3305,昇貿,TWSE,31,3305.TW
3306,鼎天,TPEx,27,3306.TWO
3308,聯德,TWSE,28,3308.TW
3310,佳穎,TPEx,28,3310.TWO
3311,閎暉,TWSE,27,3311.TW
3312,弘憶股,TWSE,29,3312.TW
3313,斐成,TPEx,20,3313.TWO
3317,尼克森,TPEx,24,3317.TWO
3321,同泰,TWSE,28,3321.TW
3322,建舜電,TPEx,28,3322.TWO
3323,加百裕,TPEx,25,3323.TWO
3324,雙鴻,TPEx,31,3324.TWO
3325,旭品,TPEx,25,3325.TWO
3332,幸康,TPEx,28,3332.TWO
3338,泰碩,TWSE,28,3338.TW
3339,泰谷,TPEx,26,3339.TWO
3346,麗清,TWSE,12,3346.TW
3349,寶德,TPEx,25,3349.TWO
3354,律勝,TPEx,28,3354.TWO
3356,奇偶,TWSE,26,3356.TW
3357,臺慶科,TPEx,28,3357.TWO
3360,尚立,TPEx,29,3360.TWO
3362,先進光,TPEx,26,3362.TWO
3363,上詮,TPEx,27,3363.TWO
3372,典範,TPEx,24,3372.TWO
3373,熱映,TPEx,31,3373.TWO
3374,精材,TPEx,24,3374.TWO
3376,新日興,TWSE,28,3376.TW
3379,彬台,TPEx,05,3379.TWO
3380,明泰,TWSE,27,3380.TW
3388,崇越電,TPEx,28,3388.TWO
3390,旭軟,TPEx,28,3390.TWO
3402,漢科,TPEx,31,3402.TWO
3406,玉晶光,TWSE,26,3406.TW
3413,京鼎,TWSE,24,3413.TW
3416,融程電,TWSE,25,3416.TW
3419,譁裕,TWSE,27,3419.TW
3426,台興,TPEx,05,3426.TWO
3430,奇鈦科,TPEx,21,3430.TWO
3432,台端,TWSE,28,3432.TW
3434,哲固,TPEx,26,3434.TWO
3437,榮創,TWSE,26,3437.TW
3438,類比科,TPEx,24,3438.TWO
3441,聯一光電,TPEx,26,3441.TWO
3443,創意,TWSE,24,3443.TW
3444,利機,TPEx,29,3444.TWO
3447,展達,TWSE,27,3447.TW
3450,聯鈞,TWSE,24,3450.TW
3455,由田,TPEx,26,3455.TWO
3465,進泰電子,TPEx,31,3465.TWO
3466,德晉,TPEx,27,3466.TWO
3467,台灣精材,TPEx,24,3467.TWO
3479,安勤,TPEx,25,3479.TWO
3481,群創,TWSE,26,3481.TW
3483,力致,TPEx,25,3483.TWO
3484,崧騰,TPEx,28,3484.TWO
3485,敘豐,TPEx,28,3485.TWO
3489,森寶,TPEx,14,3489.TWO
3490,單井,TPEx,26,3490.TWO
3491,昇達科,TPEx,27,3491.TWO
3492,長盛,TPEx,28,3492.TWO
3494,誠研,TWSE,25,3494.TW
3498,陽程,TPEx,31,3498.TWO
3499,環天科,TPEx,27,3499.TWO
3501,維熹,TWSE,28,3501.TW
3504,揚明光,TWSE,26,3504.TW
3508,位速,TPEx,31,3508.TWO
3511,矽瑪,TPEx,28,3511.TWO
3512,皇龍,TPEx,14,3512.TWO
3515,華擎,TWSE,25,3515.TW
3516,亞帝歐,TPEx,26,3516.TWO
3518,柏騰,TWSE,31,3518.TW
3520,華盈,TPEx,28,3520.TWO
3521,台鋼建設,TPEx,14,3521.TWO
3522,御嵿,TPEx,16,3522.TWO
3523,迎輝,TPEx,26,3523.TWO
3526,凡甲,TPEx,28,3526.TWO
3527,聚積,TPEx,24,3527.TWO
3528,安馳,TWSE,29,3528.TW
3529,力旺,TPEx,24,3529.TWO
3530,晶相光,TWSE,24,3530.TW
3531,先益,TPEx,26,3531.TWO
3532,台勝科,TWSE,24,3532.TW
3533,嘉澤,TWSE,28,3533.TW
3535,晶彩科,TWSE,26,3535.TW
3537,堡達,TPEx,28,3537.TWO
3540,曜越,TPEx,25,3540.TWO
3541,西柏,TPEx,31,3541.TWO
3543,州巧,TWSE,26,3543.TW
3545,敦泰,TWSE,24,3545.TW
3546,宇峻,TPEx,32,3546.TWO
3548,兆利,TPEx,28,3548.TWO
3550,聯穎,TWSE,28,3550.TW
3551,世禾,TPEx,35,3551.TWO
3552,同致,TPEx,31,3552.TWO
3555,博士旺,TPEx,24,3555.TWO
3556,禾瑞亞,TPEx,24,3556.TWO
3557,嘉威,TWSE,38,3557.TW
3558,神準,TPEx,27,3558.TWO
3563,牧德,TWSE,26,3563.TW
3564,其陽,TPEx,27,3564.TWO
3567,逸昌,TPEx,24,3567.TWO
3570,大塚,TPEx,30,3570.TWO
3576,聯合再生,TWSE,26,3576.TW
3577,泓格,TPEx,25,3577.TWO
3580,友威科,TPEx,31,3580.TWO
3581,博磊,TPEx,24,3581.TWO
3583,辛耘,TWSE,24,3583.TW
3587,閎康,TPEx,31,3587.TWO
3588,通嘉,TWSE,24,3588.TW
3591,艾笛森,TWSE,26,3591.TW
3592,瑞鼎,TWSE,24,3592.TW
3593,力銘,TWSE,28,3593.TW
3594,磐儀,TPEx,25,3594.TWO
3596,智易,TWSE,27,3596.TW
3597,映興,TPEx,28,3597.TWO
3605,宏致,TWSE,28,3605.TW
3607,谷崧,TWSE,28,3607.TW
3609,三一東林,TPEx,28,3609.TWO
3611,鼎翰,TPEx,25,3611.TWO
3615,安可,TPEx,26,3615.TWO
3617,碩天,TWSE,31,3617.TW
3622,洋華,TWSE,26,3622.TW
3623,富晶通,TPEx,26,3623.TWO
3624,光頡,TPEx,28,3624.TWO
3625,西勝,TPEx,25,3625.TWO
3628,盈正,TPEx,31,3628.TWO
3629,地心引力,TPEx,32,3629.TWO
3630,新鉅科,TPEx,26,3630.TWO
3631,晟楠,TPEx,28,3631.TWO
3632,研勤,TPEx,27,3632.TWO
3645,達邁,TWSE,28,3645.TW
3646,艾恩特,TPEx,28,3646.TWO
3652,精聯,TWSE,25,3652.TW
3653,健策,TWSE,28,3653.TW
3661,世芯-KY,TWSE,24,3661.TW
3663,鑫科,TPEx,31,3663.TWO
3664,安瑞-KY,TPEx,27,3664.TWO
3665,貿聯-KY,TWSE,31,3665.TW
3666,光耀,TPEx,26,3666.TWO
3669,圓展,TWSE,27,3669.TW
3672,康聯訊,TPEx,27,3672.TWO
3673,TPK-KY,TWSE,26,3673.TW
3675,德微,TPEx,24,3675.TWO
3679,新至陞,TWSE,28,3679.TW
3680,家登,TPEx,24,3680.TWO
3684,榮昌,TPEx,27,3684.TWO
3685,元創精密,TPEx,05,3685.TWO
3686,達能,TWSE,24,3686.TW
3687,歐買尬,TPEx,36,3687.TWO
3689,湧德,TPEx,28,3689.TWO
3691,碩禾,TPEx,26,3691.TWO
3693,營邦,TPEx,25,3693.TWO
3694,海華,TWSE,27,3694.TW
3701,大眾控,TWSE,25,3701.TW
3702,大聯大,TWSE,29,3702.TW
3703,欣陸,TWSE,14,3703.TW
3704,合勤控,TWSE,27,3704.TW
3705,永信,TWSE,22,3705.TW
3706,神達,TWSE,25,3706.TW
3707,漢磊,TPEx,24,3707.TWO
3708,上緯投控,TWSE,35,3708.TW
3709,鑫聯大投控,TPEx,25,3709.TWO
3710,連展投控,TPEx,28,3710.TWO
3711,日月光投控,TWSE,24,3711.TW
3712,永崴投控,TWSE,25,3712.TW
3713,新晶投控,TPEx,35,3713.TWO
3714,富采,TWSE,26,3714.TW
3715,定穎投控,TWSE,28,3715.TW
3716,中化控股,TWSE,22,3716.TW
3717,聯嘉投控,TWSE,12,3717.TW
4102,永日,TPEx,22,4102.TWO
4104,佳醫,TWSE,22,4104.TW
4105,東洋,TPEx,22,4105.TWO
4106,雃博,TWSE,22,4106.TW
4107,邦特,TPEx,22,4107.TWO
4108,懷特,TWSE,22,4108.TW
4109,加捷生醫,TPEx,22,4109.TWO
4111,濟生,TPEx,22,4111.TWO
4113,聯上,TPEx,14,4113.TWO
4114,健喬,TPEx,22,4114.TWO
4116,明基醫,TPEx,22,4116.TWO
4119,旭富,TWSE,22,4119.TW
4120,友華,TPEx,22,4120.TWO
4121,優盛,TPEx,22,4121.TWO
4123,晟德,TPEx,22,4123.TWO
4126,太醫,TPEx,22,4126.TWO
4127,天良,TPEx,22,4127.TWO
4128,中天,TPEx,22,4128.TWO
4129,聯合,TPEx,22,4129.TWO
4130,健亞,TPEx,22,4130.TWO
4131,浩泰,TPEx,22,4131.TWO
4133,亞諾法,TWSE,22,4133.TW
4137,麗豐-KY,TWSE,22,4137.TW
4138,曜亞,TPEx,22,4138.TWO
4139,馬光-KY,TPEx,22,4139.TWO
4142,國光生,TWSE,22,4142.TW
4147,中裕,TPEx,22,4147.TWO
4148,全宇生技-KY,TWSE,22,4148.TW
4153,鈺緯,TPEx,22,4153.TWO
4154,樂威科-KY,TPEx,20,4154.TWO
4155,訊映,TWSE,22,4155.TW
4157,太景*-KY,TPEx,22,4157.TWO
4160,訊聯基因,TPEx,22,4160.TWO
4161,聿新科,TPEx,22,4161.TWO
4162,智擎,TPEx,22,4162.TWO
4163,鐿鈦,TPEx,22,4163.TWO
4164,承業醫,TWSE,22,4164.TW
4166,友霖,TPEx,22,4166.TWO
4167,松瑞藥,TPEx,22,4167.TWO
4168,醣聯,TPEx,22,4168.TWO
4169,泰宗,TWSE,22,4169.TW
4171,瑞基,TPEx,33,4171.TWO
4173,久裕,TPEx,22,4173.TWO
4174,浩鼎,TPEx,22,4174.TWO
4175,杏一,TPEx,22,4175.TWO
4178,永笙-KY,TWSE,22,4178.TW
4183,福永生技,TPEx,22,4183.TWO
4188,安克,TPEx,22,4188.TWO
4190,佐登-KY,TWSE,22,4190.TW
4192,杏國,TPEx,22,4192.TWO
4195,基米-創,TWSE,22,4195.TW
4198,欣大健康,TPEx,22,4198.TWO
4205,中華食,TPEx,02,4205.TWO
4207,環泰,TPEx,02,4207.TWO
4303,信立,TPEx,03,4303.TWO
4304,勝昱,TPEx,03,4304.TWO
4305,世坤,TPEx,03,4305.TWO
4306,炎洲,TWSE,03,4306.TW
4401,東隆興,TPEx,04,4401.TWO
4402,郡都開發,TPEx,04,4402.TWO
4406,新昕纖,TPEx,04,4406.TWO
4413,飛寶企業,TPEx,04,4413.TWO
4414,如興,TWSE,04,4414.TW
4416,三圓,TPEx,14,4416.TWO
4417,金洲,TPEx,04,4417.TWO
4419,皇家美食,TPEx,16,4419.TWO
4420,光明,TPEx,04,4420.TWO
4426,利勤,TWSE,04,4426.TW
4430,耀億,TPEx,20,4430.TWO
4432,銘旺實,TPEx,04,4432.TWO
4433,興采,TPEx,04,4433.TWO
4438,廣越,TWSE,04,4438.TW
4439,冠星-KY,TWSE,04,4439.TW
4440,宜新實業,TWSE,04,4440.TW
4441,振大環球,TWSE,04,4441.TW
4442,竣邦-KY,TPEx,04,4442.TWO
4502,健信,TPEx,05,4502.TWO
4503,金雨,TPEx,05,4503.TWO
4506,崇友,TPEx,05,4506.TWO
4510,高鋒,TPEx,05,4510.TWO
4513,福裕,TPEx,05,4513.TWO
4523,永彰,TPEx,05,4523.TWO
4526,東台,TWSE,05,4526.TW
4527,方方土霖,TPEx,05,4527.TWO
4528,江興鍛,TPEx,05,4528.TWO
4529,淳紳,TPEx,20,4529.TWO
4530,宏易,TPEx,16,4530.TWO
4532,瑞智,TWSE,05,4532.TW
4533,協易機,TPEx,05,4533.TWO
4534,慶騰,TPEx,05,4534.TWO
4535,至興,TPEx,05,4535.TWO
4536,拓凱,TWSE,37,4536.TW
4538,大詠城,TPEx,05,4538.TWO
4540,全球傳動,TWSE,05,4540.TW
4541,晟田,TPEx,20,4541.TWO
4542,科嶠,TPEx,28,4542.TWO
4543,萬在,TPEx,05,4543.TWO
4545,銘鈺,TWSE,28,4545.TW
4549,桓達,TPEx,05,4549.TWO
4550,長佳,TPEx,05,4550.TWO
4551,智伸科,TWSE,12,4551.TW
4552,力達-KY,TWSE,05,4552.TW
4554,橙的,TPEx,31,4554.TWO
4555,氣立,TWSE,05,4555.TW
4556,旭然,TPEx,20,4556.TWO
4557,永新-KY,TWSE,12,4557.TW
4558,寶緯,TPEx,05,4558.TWO
4560,強信-KY,TWSE,05,4560.TW
4561,健椿,TPEx,05,4561.TWO
4562,穎漢,TWSE,05,4562.TW
4563,百德,TPEx,05,4563.TWO
4564,元翎,TWSE,05,4564.TW
4566,時碩工業,TWSE,05,4566.TW
4568,科際精密,TPEx,05,4568.TWO
4569,六方科-KY,TWSE,12,4569.TW
4571,鈞興-KY,TWSE,05,4571.TW
4572,駐龍,TWSE,05,4572.TW
4576,大銀微系統,TWSE,05,4576.TW
4577,達航科技,TPEx,31,4577.TWO
4580,捷流閥業,TPEx,05,4580.TWO
4581,光隆精密-KY,TWSE,12,4581.TW
4582,聚恆-創,TWSE,35,4582.TW
4583,台灣精銳,TWSE,05,4583.TW
4584,君帆,TPEx,05,4584.TWO
4585,達明,TWSE,31,4585.TW
4588,玖鼎電力,TWSE,31,4588.TW
4590,富田-創,TWSE,05,4590.TW
4609,唐鋒,TPEx,38,4609.TWO
4702,中美實,TPEx,38,4702.TWO
4706,大恭,TPEx,21,4706.TWO
4707,磐亞,TPEx,21,4707.TWO
4711,永純,TPEx,21,4711.TWO
4714,永捷,TPEx,21,4714.TWO
4716,大立,TPEx,21,4716.TWO
4720,德淵,TWSE,21,4720.TW
4721,美琪瑪,TPEx,21,4721.TWO
4722,國精化,TWSE,21,4722.TW
4726,永昕,TPEx,22,4726.TWO
4728,雙美,TPEx,22,4728.TWO
4729,熒茂,TPEx,26,4729.TWO
4735,豪展,TPEx,22,4735.TWO
4736,泰博,TWSE,22,4736.TW
4737,華廣,TWSE,22,4737.TW
4739,康普,TWSE,21,4739.TW
4741,泓瀚,TPEx,21,4741.TWO
4743,合一,TPEx,22,4743.TWO
4744,皇將,TPEx,22,4744.TWO
4745,合富-KY,TPEx,22,4745.TWO
4746,台耀,TWSE,22,4746.TW
4747,強生製藥,TPEx,22,4747.TWO
4749,新應材,TPEx,24,4749.TWO
4754,國碳科,TPEx,21,4754.TWO
4755,三福化,TWSE,21,4755.TW
4760,勤凱科技,TPEx,31,4760.TWO
4763,材料*-KY,TWSE,21,4763.TW
4764,雙鍵,TWSE,21,4764.TW
4766,南寶,TWSE,21,4766.TW
4767,誠泰科技,TPEx,21,4767.TWO
4768,晶呈科技,TPEx,21,4768.TWO
4770,上品,TWSE,21,4770.TW
4771,望隼,TWSE,22,4771.TW
4772,台特化,TPEx,21,4772.TWO
4804,大略-KY,TPEx,16,4804.TWO
4806,桂田文創,TPEx,32,4806.TWO
4807,日成-KY,TWSE,18,4807.TW
4903,聯光通,TPEx,27,4903.TWO
4904,遠傳,TWSE,27,4904.TW
4905,台聯電,TPEx,27,4905.TWO
4906,正文,TWSE,27,4906.TW
4907,富宇,TPEx,14,4907.TWO
4908,前鼎,TPEx,27,4908.TWO
4909,新復興,TPEx,27,4909.TWO
4911,德英,TPEx,22,4911.TWO
4912,聯德控股-KY,TWSE,28,4912.TW
4915,致伸,TWSE,28,4915.TW
4916,事欣科,TWSE,25,4916.TW
4919,新唐,TWSE,24,4919.TW
4923,力士,TPEx,24,4923.TWO
4924,欣厚-KY,TPEx,25,4924.TWO
4927,泰鼎-KY,TWSE,28,4927.TW
4930,燦星網,TWSE,06,4930.TW
4931,新盛力,TPEx,25,4931.TWO
4933,友輝,TPEx,26,4933.TWO
4934,太極,TWSE,26,4934.TW
4935,茂林-KY,TWSE,26,4935.TW
4938,和碩,TWSE,25,4938.TW
4939,亞電,TPEx,28,4939.TWO
4942,嘉彰,TWSE,26,4942.TW
4943,康控-KY,TWSE,28,4943.TW
4946,辣椒,TPEx,32,4946.TWO
4949,有成精密,TWSE,26,4949.TW
4950,金耘國際,TPEx,10,4950.TWO
4951,精拓科,TPEx,24,4951.TWO
4952,凌通,TWSE,24,4952.TW
4953,緯軟,TPEx,30,4953.TWO
4956,光鋐,TWSE,26,4956.TW
4958,臻鼎-KY,TWSE,28,4958.TW
4960,誠美材,TWSE,26,4960.TW
4961,天鈺,TWSE,24,4961.TW
4966,譜瑞-KY,TPEx,24,4966.TWO
4967,十銓,TWSE,24,4967.TW
4968,立積,TWSE,24,4968.TW
4971,IET-KY,TPEx,24,4971.TWO
4972,湯石照明,TPEx,26,4972.TWO
4973,廣穎電通,TPEx,24,4973.TWO
4974,亞泰,TPEx,28,4974.TWO
4976,佳凌,TWSE,26,4976.TW
4977,眾達-KY,TWSE,27,4977.TW
4979,華星光,TPEx,27,4979.TWO
4987,科誠,TPEx,25,4987.TWO
4989,榮科,TWSE,28,4989.TW
4991,環宇-KY,TPEx,24,4991.TWO
4994,傳奇,TWSE,30,4994.TW
4995,晶達,TPEx,26,4995.TWO
4999,鑫禾,TWSE,28,4999.TW
5007,三星,TWSE,10,5007.TW
5009,榮剛,TPEx,10,5009.TWO
5011,久陽,TPEx,10,5011.TWO
5013,強新,TPEx,10,5013.TWO
5014,建錩,TPEx,10,5014.TWO
5015,華祺,TPEx,10,5015.TWO
5016,松和,TPEx,10,5016.TWO
5201,凱衛,TPEx,30,5201.TWO
5202,力新,TPEx,30,5202.TWO
5203,訊連,TWSE,30,5203.TW
5205,中茂,TPEx,35,5205.TWO
5206,坤悅,TPEx,14,5206.TWO
5209,新鼎,TPEx,20,5209.TWO
5210,寶碩,TPEx,30,5210.TWO
5211,蒙恬,TPEx,30,5211.TWO
5212,凌網,TPEx,30,5212.TWO
5213,亞昕,TPEx,14,5213.TWO
5215,科嘉-KY,TWSE,25,5215.TW
5220,萬達光電,TPEx,26,5220.TWO
5222,全訊,TWSE,24,5222.TW
5223,安力-KY,TPEx,25,5223.TWO
5225,東科-KY,TWSE,31,5225.TW
5227,立凱-KY,TPEx,28,5227.TWO
5228,鈺鎧,TPEx,28,5228.TWO
5230,雷笛克光學,TPEx,26,5230.TWO
5234,達興材料,TWSE,26,5234.TW
5236,凌陽創新,TPEx,24,5236.TWO
5243,乙盛-KY,TWSE,26,5243.TW
5244,弘凱,TWSE,26,5244.TW
5245,智晶,TPEx,26,5245.TWO
5251,天鉞電,TPEx,26,5251.TWO
5258,虹堡,TWSE,25,5258.TW
5263,智崴,TPEx,32,5263.TWO
5269,祥碩,TWSE,24,5269.TW
5272,笙科,TPEx,24,5272.TWO
5274,信驊,TPEx,24,5274.TWO
5276,達輝-KY,TPEx,20,5276.TWO
5278,尚凡*,TPEx,36,5278.TWO
5283,禾聯碩,TWSE,06,5283.TW
5284,jpp-KY,TWSE,20,5284.TW
5285,界霖,TWSE,24,5285.TW
5287,數字,TPEx,36,5287.TWO
5288,豐祥-KY,TWSE,05,5288.TW
5289,宜鼎,TPEx,25,5289.TWO
5291,邑昇,TPEx,28,5291.TWO
5292,華懋,TWSE,35,5292.TW
5299,杰力,TPEx,24,5299.TWO
5301,寶得利,TPEx,16,5301.TWO
5302,太欣,TPEx,24,5302.TWO
5306,桂盟,TWSE,37,5306.TW
5309,系統電,TPEx,28,5309.TWO
5310,天剛,TPEx,30,5310.TWO
5312,寶島科,TPEx,22,5312.TWO
5314,世紀*,TPEx,20,5314.TWO
5315,光聯,TPEx,26,5315.TWO
5321,美而快,TPEx,36,5321.TWO
5324,士開,TPEx,14,5324.TWO
5328,華容,TPEx,28,5328.TWO
5340,建榮,TPEx,28,5340.TWO
5344,立衛,TPEx,24,5344.TWO
5345,馥鴻,TPEx,20,5345.TWO
5347,世界,TPEx,24,5347.TWO
5348,正能量智能,TPEx,37,5348.TWO
5351,鈺創,TPEx,24,5351.TWO
5353,台林,TPEx,27,5353.TWO
5355,佳總,TPEx,28,5355.TWO
5356,協益,TPEx,25,5356.TWO
5364,力麗店,TPEx,16,5364.TWO
5371,中光電,TPEx,26,5371.TWO
5381,光譜,TPEx,28,5381.TWO
5386,青雲,TPEx,25,5386.TWO
5388,中磊,TWSE,27,5388.TW
5392,能率,TPEx,26,5392.TWO
5398,慕康生醫,TPEx,20,5398.TWO
5403,中菲,TPEx,30,5403.TWO
5410,國眾,TPEx,30,5410.TWO
5425,台半,TPEx,24,5425.TWO
5426,振發,TPEx,25,5426.TWO
5432,新門,TPEx,35,5432.TWO
5434,崇越,TWSE,29,5434.TW
5438,東友,TPEx,25,5438.TWO
5439,高技,TPEx,28,5439.TWO
5443,均豪,TPEx,24,5443.TWO
5450,南良,TPEx,20,5450.TWO
5452,佶優,TPEx,31,5452.TWO
5455,昇益,TPEx,14,5455.TWO
5457,宣德,TPEx,28,5457.TWO
5460,同協,TPEx,28,5460.TWO
5464,霖宏,TPEx,28,5464.TWO
5465,富驊,TPEx,25,5465.TWO
5468,凱鈺,TPEx,24,5468.TWO
5469,瀚宇博,TWSE,28,5469.TW
5471,松翰,TWSE,24,5471.TW
5474,聰泰,TPEx,25,5474.TWO
5475,德宏,TPEx,28,5475.TWO
5478,智冠,TPEx,32,5478.TWO
5481,新華,TPEx,20,5481.TWO
5483,中美晶,TPEx,24,5483.TWO
5484,慧友,TWSE,26,5484.TW
5487,通泰,TPEx,24,5487.TWO
5488,松普,TPEx,28,5488.TWO
5489,彩富,TPEx,31,5489.TWO
5490,同亨,TPEx,25,5490.TWO
5493,三聯,TPEx,31,5493.TWO
5498,凱崴,TPEx,28,5498.TWO
5508,永信建,TPEx,14,5508.TWO
5511,德昌,TPEx,14,5511.TWO
5512,力麒,TPEx,14,5512.TWO
5514,三豐,TPEx,14,5514.TWO
5515,建國,TWSE,14,5515.TW
5516,雙喜,TPEx,14,5516.TWO
5519,隆大,TWSE,14,5519.TW
5520,力泰,TPEx,14,5520.TWO
5521,工信,TWSE,14,5521.TW
5522,遠雄,TWSE,14,5522.TW
5523,豐謙,TPEx,14,5523.TWO
5525,順天,TWSE,14,5525.TW
5529,鉅陞,TPEx,14,5529.TWO
5530,龍巖,TPEx,20,5530.TWO
5531,鄉林,TWSE,14,5531.TW
5533,皇鼎,TWSE,14,5533.TW
5534,長虹,TWSE,14,5534.TW
5536,聖暉*,TPEx,31,5536.TWO
5538,東明-KY,TWSE,10,5538.TW
5543,桓鼎-KY,TPEx,14,5543.TWO
5546,永固-KY,TWSE,14,5546.TW
5547,久舜,TPEx,14,5547.TWO
5548,安倉,TPEx,14,5548.TWO
5601,台聯櫃,TPEx,15,5601.TWO
5603,陸海,TPEx,15,5603.TWO
5604,中連,TPEx,20,5604.TWO
5607,遠雄港,TWSE,15,5607.TW
5608,四維航,TWSE,15,5608.TW
5609,中菲行,TPEx,15,5609.TWO
5701,劍湖山,TPEx,16,5701.TWO
5703,亞都麗緻,TPEx,16,5703.TWO
5704,老爺知,TPEx,16,5704.TWO
5706,鳳凰,TWSE,16,5706.TW
5864,致和證,TPEx,17,5864.TWO
5871,中租-KY,TWSE,20,5871.TW
5876,上海商銀,TWSE,17,5876.TW
5878,台名,TPEx,17,5878.TWO
5880,合庫金,TWSE,17,5880.TW
5902,德記,TPEx,38,5902.TWO
5903,全家,TPEx,38,5903.TWO
5904,寶雅,TPEx,38,5904.TWO
5905,南仁湖,TPEx,16,5905.TWO
5906,台南-KY,TWSE,18,5906.TW
5907,大洋-KY,TWSE,18,5907.TW
6005,群益證,TWSE,17,6005.TW
6015,宏遠證,TPEx,17,6015.TWO
6016,康和證,TPEx,17,6016.TWO
6020,大展證,TPEx,17,6020.TWO
6021,美好證,TPEx,17,6021.TWO
6023,元大期貨,TPEx,17,6023.TWO
6024,群益期,TWSE,17,6024.TW
6026,福邦證,TPEx,17,6026.TWO
6028,公勝保經,TPEx,17,6028.TWO
6101,寬魚國際,TPEx,32,6101.TWO
6103,合邦,TPEx,24,6103.TWO
6104,創惟,TPEx,24,6104.TWO
6108,競國,TWSE,28,6108.TW
6109,亞元,TPEx,27,6109.TWO
6111,光聚晶電,TPEx,32,6111.TWO
6112,邁達特,TWSE,30,6112.TW
6113,亞矽,TPEx,29,6113.TWO
6114,久威,TPEx,28,6114.TWO
6115,鎰勝,TWSE,28,6115.TW
6116,彩晶,TWSE,26,6116.TW
6117,迎廣,TWSE,25,6117.TW
6118,建達,TPEx,29,6118.TWO
6120,達運,TWSE,26,6120.TW
6121,新普,TPEx,25,6121.TWO
6122,擎邦,TPEx,05,6122.TWO
6123,上奇,TPEx,30,6123.TWO
6124,業強,TPEx,28,6124.TWO
6125,廣運,TPEx,26,6125.TWO
6126,信音,TPEx,28,6126.TWO
6127,九豪,TPEx,28,6127.TWO
6128,上福,TWSE,25,6128.TW
6129,普誠,TPEx,24,6129.TWO
6130,上亞科技,TPEx,22,6130.TWO
6133,金橋,TWSE,28,6133.TW
6134,萬旭,TPEx,28,6134.TWO
6136,富爾特,TWSE,27,6136.TW
6138,茂達,TPEx,24,6138.TWO
6139,亞翔,TWSE,31,6139.TW
6140,訊達電腦,TPEx,30,6140.TWO
6141,柏承,TWSE,28,6141.TW
6142,友勁,TWSE,27,6142.TW
6143,振曜,TPEx,27,6143.TWO
6144,得利影,TPEx,32,6144.TWO
6146,耕興,TPEx,31,6146.TWO
6147,頎邦,TPEx,24,6147.TWO
6148,驊宏資,TPEx,30,6148.TWO
6150,撼訊,TPEx,25,6150.TWO
6151,晉倫,TPEx,31,6151.TWO
6152,百一,TWSE,27,6152.TW
6153,嘉聯益,TWSE,28,6153.TW
6154,順發,TPEx,29,6154.TWO
6155,鈞寶,TWSE,28,6155.TW
6156,松上,TPEx,28,6156.TWO
6158,禾昌,TPEx,28,6158.TWO
6160,欣技,TPEx,25,6160.TWO
6161,捷波,TPEx,25,6161.TWO
6163,華電網,TPEx,27,6163.TWO
6164,華興,TWSE,26,6164.TW
6165,浪凡,TWSE,36,6165.TW
6166,凌華,TWSE,25,6166.TW
6167,久正,TPEx,26,6167.TWO
6168,宏齊,TWSE,26,6168.TW
6169,昱泉,TPEx,32,6169.TWO
6170,統振,TPEx,27,6170.TWO
6171,大城地產,TPEx,14,6171.TWO
6173,信昌電,TPEx,28,6173.TWO
6174,安碁,TPEx,28,6174.TWO
6175,立敦,TPEx,28,6175.TWO
6176,瑞儀,TWSE,26,6176.TW
6177,達麗,TWSE,14,6177.TW
6179,亞通,TPEx,20,6179.TWO
6180,橘子,TPEx,32,6180.TWO
6182,合晶,TPEx,24,6182.TWO
6183,關貿,TWSE,30,6183.TW
6184,大豐電,TWSE,20,6184.TW
6185,幃翔,TPEx,28,6185.TWO
6186,新潤,TPEx,14,6186.TWO
6187,萬潤,TPEx,24,6187.TWO
6188,廣明,TPEx,25,6188.TWO
6189,豐藝,TWSE,29,6189.TW
6190,萬泰科,TPEx,27,6190.TWO
6191,精成科,TWSE,28,6191.TW
6192,巨路,TWSE,31,6192.TW
6194,育富,TPEx,28,6194.TWO
6195,詩肯,TPEx,38,6195.TWO
6196,帆宣,TWSE,31,6196.TW
6197,佳必琪,TWSE,28,6197.TW
6198,瑞築,TPEx,14,6198.TWO
6199,天品,TPEx,20,6199.TWO
6201,亞弘電,TWSE,31,6201.TW
6202,盛群,TWSE,24,6202.TW
6203,海韻電,TPEx,28,6203.TWO
6204,艾華,TPEx,28,6204.TWO
6205,詮欣,TWSE,28,6205.TW
6206,飛捷,TWSE,25,6206.TW
6207,雷科,TPEx,28,6207.TWO
6208,日揚,TPEx,24,6208.TWO
6209,今國光,TWSE,26,6209.TW
6210,慶生,TPEx,28,6210.TWO
6212,理銘,TPEx,14,6212.TWO
6213,聯茂,TWSE,28,6213.TW
6214,精誠,TWSE,30,6214.TW
6215,和椿,TWSE,31,6215.TW
6216,居易,TWSE,27,6216.TW
6217,中探針,TPEx,28,6217.TWO
6218,豪勉,TPEx,27,6218.TWO
6219,富旺,TPEx,14,6219.TWO
6220,岳豐,TPEx,28,6220.TWO
6221,晉泰,TPEx,30,6221.TWO
6222,立軒,TPEx,26,6222.TWO
6223,旺矽,TPEx,24,6223.TWO
6224,聚鼎,TWSE,28,6224.TW
6225,天瀚,TWSE,26,6225.TW
6226,光鼎,TWSE,26,6226.TW
6227,茂綸,TPEx,29,6227.TWO
6228,全譜,TPEx,25,6228.TWO
6229,研通,TPEx,24,6229.TWO
6230,尼得科超眾,TWSE,25,6230.TW
6231,系微,TPEx,30,6231.TWO
6233,旺玖,TPEx,24,6233.TWO
6234,高僑,TPEx,26,6234.TWO
6235,華孚,TWSE,25,6235.TW
6236,中湛,TPEx,20,6236.TWO
6237,驊訊,TPEx,24,6237.TWO
6239,力成,TWSE,24,6239.TW
6240,松崗,TPEx,30,6240.TWO
6241,鑫永洋,TPEx,27,6241.TWO
6242,立康,TPEx,22,6242.TWO
6243,迅杰,TWSE,24,6243.TW
6244,茂迪,TPEx,26,6244.TWO
6245,立端,TPEx,27,6245.TWO
6246,臺龍,TPEx,26,6246.TWO
6248,沛波,TPEx,10,6248.TWO
6257,矽格,TWSE,24,6257.TW
6259,百徽,TPEx,28,6259.TWO
6261,久元,TPEx,24,6261.TWO
6263,普萊德,TPEx,27,6263.TWO
6264,富裔,TPEx,14,6264.TWO
6265,方土昶,TPEx,29,6265.TWO
6266,泰詠,TPEx,28,6266.TWO
6269,台郡,TWSE,28,6269.TW
6270,倍微,TPEx,29,6270.TWO
6271,同欣電,TWSE,24,6271.TW
6272,驊陞,TWSE,28,6272.TW
6274,台燿,TPEx,28,6274.TWO
6275,元山,TPEx,28,6275.TWO
6276,安鈦克,TPEx,25,6276.TWO
6277,宏正,TWSE,25,6277.TW
6278,台表科,TWSE,26,6278.TW
6279,胡連,TPEx,28,6279.TWO
6281,全國電,TWSE,29,6281.TW
6282,康舒,TWSE,28,6282.TW
6283,淳安,TWSE,31,6283.TW
6284,佳邦,TPEx,28,6284.TWO
6285,啟碁,TWSE,27,6285.TW
6290,良維,TPEx,28,6290.TWO
6291,沛亨,TPEx,24,6291.TWO
6292,迅德,TPEx,28,6292.TWO
6294,智基,TPEx,32,6294.TWO
6405,悅城,TWSE,26,6405.TW
6409,旭隼,TWSE,31,6409.TW
6411,晶焱,TPEx,24,6411.TWO
6412,群電,TWSE,28,6412.TW
6414,樺漢,TWSE,25,6414.TW
6415,矽力*-KY,TWSE,24,6415.TW
6416,瑞祺電通,TWSE,27,6416.TW
6417,韋僑,TPEx,27,6417.TWO
6418,詠昇,TPEx,28,6418.TWO
6419,京晨科,TPEx,26,6419.TWO
6423,億而得,TPEx,24,6423.TWO
6425,易發,TPEx,05,6425.TWO
6426,統新,TWSE,27,6426.TW
6431,光麗-KY,TWSE,22,6431.TW
6432,今展科,TPEx,28,6432.TWO
6435,大中,TPEx,24,6435.TWO
6438,迅得,TWSE,31,6438.TW
6441,廣錠,TPEx,25,6441.TWO
6442,光聖,TWSE,27,6442.TW
6443,元晶,TWSE,26,6443.TW
6446,藥華藥,TWSE,22,6446.TW
6449,鈺邦,TWSE,28,6449.TW
6451,訊芯-KY,TWSE,24,6451.TW
6456,GIS-KY,TWSE,26,6456.TW
6461,益得,TPEx,22,6461.TWO
6462,神盾,TPEx,24,6462.TWO
6464,台數科,TWSE,20,6464.TW
6465,威潤,TPEx,27,6465.TWO
6469,大樹,TPEx,22,6469.TWO
6470,宇智,TPEx,27,6470.TWO
6472,保瑞,TWSE,22,6472.TW
6474,華豫寧,TPEx,29,6474.TWO
6477,安集,TWSE,26,6477.TW
6482,弘煜科,TPEx,32,6482.TWO
6485,點序,TPEx,24,6485.TWO
6486,互動,TPEx,27,6486.TWO
6488,環球晶,TPEx,24,6488.TWO
6491,晶碩,TWSE,22,6491.TW
6492,生華科,TPEx,22,6492.TWO
6494,九齊,TPEx,24,6494.TWO
6496,科懋,TPEx,22,6496.TWO
6498,久禾光,TPEx,26,6498.TWO
6499,益安,TPEx,22,6499.TWO
6504,南六,TWSE,20,6504.TW
6505,台塑化,TWSE,23,6505.TW
6506,雙邦,TPEx,04,6506.TWO
6508,惠光,TPEx,33,6508.TWO
6509,聚和,TPEx,21,6509.TWO
6510,精測,TPEx,24,6510.TWO
6512,啟發電,TPEx,31,6512.TWO
6515,穎崴,TWSE,24,6515.TW
6516,勤崴國際,TPEx,30,6516.TWO
6517,保勝光學,TPEx,26,6517.TWO
6523,達爾膚,TPEx,22,6523.TWO
6525,捷敏-KY,TWSE,24,6525.TW
6526,達發,TWSE,24,6526.TW
6527,明達醫,TPEx,22,6527.TWO
6530,創威,TPEx,27,6530.TWO
6531,愛普*,TWSE,24,6531.TW
6532,瑞耘,TPEx,24,6532.TWO
6533,晶心科,TWSE,24,6533.TW
6534,正瀚-創,TWSE,22,6534.TW
6535,順藥,TPEx,22,6535.TWO
6538,倉和,TPEx,28,6538.TWO
6541,泰福-KY,TWSE,22,6541.TW
6542,隆中,TPEx,32,6542.TWO
6546,正基,TPEx,27,6546.TWO
6547,高端疫苗,TPEx,22,6547.TWO
6548,長科*,TPEx,24,6548.TWO
6550,北極星藥業-KY,TWSE,22,6550.TW
6552,易華電,TWSE,24,6552.TW
6556,勝品,TPEx,26,6556.TWO
6558,興能高,TWSE,31,6558.TW
6560,欣普羅,TPEx,26,6560.TWO
6561,是方,TPEx,27,6561.TWO
6568,宏觀,TPEx,24,6568.TWO
6569,醫揚,TPEx,22,6569.TWO
6570,維田,TPEx,25,6570.TWO
6573,虹揚-KY,TWSE,24,6573.TW
6574,霈方,TPEx,22,6574.TWO
6576,逸達,TPEx,22,6576.TWO
6577,勁豐,TPEx,25,6577.TWO
6578,達邦蛋白,TPEx,33,6578.TWO
6579,研揚,TWSE,25,6579.TW
6581,鋼聯,TWSE,35,6581.TW
6582,申豐,TWSE,11,6582.TW
6584,南俊國際,TPEx,28,6584.TWO
6585,鼎基,TWSE,20,6585.TW
6588,東典光電,TPEx,27,6588.TWO
6589,台康生技,TWSE,22,6589.TW
6590,普鴻,TPEx,30,6590.TWO
6591,動力-KY,TWSE,25,6591.TW
6592,和潤企業,TWSE,20,6592.TW
6593,台灣銘板,TPEx,30,6593.TWO
6596,寬宏藝術,TPEx,32,6596.TWO
6597,立誠,TPEx,28,6597.TWO
6598,ABC-KY,TWSE,22,6598.TW
6603,富強鑫,TPEx,05,6603.TWO
6605,帝寶,TWSE,12,6605.TW
6606,建德工業,TWSE,05,6606.TW
6609,瀧澤科,TPEx,05,6609.TWO
6612,奈米醫材,TPEx,22,6612.TWO
6613,朋億*,TPEx,31,6613.TWO
6614,資拓宏宇,TWSE,36,6614.TW
6615,慧智,TPEx,22,6615.TWO
6616,特昇-KY,TPEx,38,6616.TWO
6617,共信-KY,TPEx,22,6617.TWO
6620,漢達,TPEx,22,6620.TWO
6624,萬年清,TPEx,35,6624.TWO
6625,必應,TWSE,20,6625.TW
6629,泰金-KY,TPEx,38,6629.TWO
6637,醫影,TPEx,22,6637.TWO
6640,均華,TPEx,24,6640.TWO
6641,基士德-KY,TWSE,35,6641.TW
6642,富致,TPEx,28,6642.TWO
6643,M31,TPEx,24,6643.TWO
6645,金萬林-創,TWSE,22,6645.TW
6649,台生材,TPEx,22,6649.TWO
6651,全宇昕,TPEx,24,6651.TWO
6654,天正國際,TPEx,31,6654.TWO
6655,科定,TWSE,20,6655.TW
6657,華安,TWSE,22,6657.TW
6658,聯策,TWSE,31,6658.TW
6661,威健生技,TPEx,22,6661.TWO
6662,樂斯科,TPEx,22,6662.TWO
6664,群翊,TPEx,28,6664.TWO
6666,羅麗芬-KY,TWSE,22,6666.TW
6667,信紘科,TPEx,31,6667.TWO
6668,中揚光,TWSE,26,6668.TW
6669,緯穎,TWSE,25,6669.TW
6670,復盛應用,TWSE,37,6670.TW
6671,三能-KY,TWSE,38,6671.TW
6672,騰輝電子-KY,TWSE,28,6672.TW
6674,鋐寶科技,TWSE,27,6674.TW
6679,鈺太,TPEx,24,6679.TWO
6680,鑫創電子,TPEx,25,6680.TWO
6683,雍智科技,TPEx,24,6683.TWO
6684,安格,TPEx,24,6684.TWO
6689,伊雲谷,TWSE,36,6689.TW
6690,安碁資訊,TPEx,36,6690.TWO
6691,洋基工程,TWSE,31,6691.TW
6692,進能服,TPEx,35,6692.TWO
6693,廣閎科,TPEx,24,6693.TWO
6695,芯鼎,TWSE,24,6695.TW
6697,東捷資訊,TPEx,30,6697.TWO
6698,旭暉應材,TWSE,31,6698.TW
6703,軒郁,TPEx,22,6703.TWO
6706,惠特,TWSE,26,6706.TW
6708,天擎,TPEx,24,6708.TWO
6712,長聖,TPEx,22,6712.TWO
6715,嘉基,TWSE,28,6715.TW
6716,應廣,TPEx,24,6716.TWO
6719,力智,TWSE,24,6719.TW
6720,久昌,TPEx,24,6720.TWO
6721,信實,TPEx,20,6721.TWO
6722,輝創,TWSE,31,6722.TW
6725,矽科宏晟,TPEx,31,6725.TWO
6727,亞泰金屬,TPEx,28,6727.TWO
6728,上洋,TPEx,38,6728.TWO
6730,常廣,TPEx,22,6730.TWO
6732,昇佳電子,TPEx,24,6732.TWO
6733,博晟生醫,TPEx,22,6733.TWO
6735,美達科技,TPEx,31,6735.TWO
6739,竹陞科技,TPEx,31,6739.TWO
6741,91APP*-KY,TPEx,36,6741.TWO
6742,澤米,TWSE,26,6742.TW
6743,安普新,TWSE,31,6743.TW
6751,智聯服務,TPEx,30,6751.TWO
6752,叡揚,TPEx,30,6752.TWO
6753,龍德造船,TWSE,15,6753.TW
6754,匯僑設計,TWSE,38,6754.TW
6756,威鋒電子,TWSE,24,6756.TW
6757,台灣虎航,TWSE,15,6757.TW
6761,穩得,TPEx,28,6761.TWO
6762,達亞,TPEx,22,6762.TWO
6763,綠界科技*,TPEx,36,6763.TWO
6767,台微醫,TPEx,22,6767.TWO
6768,志強-KY,TWSE,37,6768.TW
6770,力積電,TWSE,24,6770.TW
6771,平和環保-創,TWSE,35,6771.TW
6776,展碁國際,TWSE,29,6776.TW
6781,AES-KY,TWSE,28,6781.TW
6782,視陽,TWSE,22,6782.TW
6785,昱展新藥,TPEx,22,6785.TWO
6788,華景電,TPEx,24,6788.TWO
6789,采鈺,TWSE,24,6789.TW
6790,永豐實,TWSE,09,6790.TW
6791,虎門科技,TPEx,30,6791.TWO
6792,詠業,TWSE,27,6792.TW
6794,向榮生技,TWSE,22,6794.TW
6796,晉弘,TWSE,22,6796.TW
6799,來頡,TWSE,24,6799.TW
6803,崑鼎,TPEx,35,6803.TWO
6804,明係,TPEx,37,6804.TWO
6805,富世達,TWSE,28,6805.TW
6806,森崴能源,TWSE,35,6806.TW
6807,峰源-KY,TWSE,38,6807.TW
6811,宏碁資訊,TPEx,36,6811.TWO
6821,聯寶,TPEx,28,6821.TWO
6823,濾能,TPEx,24,6823.TWO
6829,千附精密,TPEx,24,6829.TWO
6830,汎銓,TWSE,31,6830.TW
6831,邁科,TWSE,25,6831.TW
6834,天二科技,TWSE,28,6834.TW
6835,圓裕,TWSE,28,6835.TW
6838,台新藥,TWSE,22,6838.TW
6840,東研信超,TPEx,31,6840.TWO
6841,長佳智能,TPEx,22,6841.TWO
6843,進典,TPEx,05,6843.TWO
6844,諾貝兒,TPEx,22,6844.TWO
6846,綠茵,TPEx,02,6846.TWO
6854,錼創科技-KY創,TWSE,24,6854.TW
6855,數泓科,TPEx,31,6855.TWO
6856,鑫傳,TPEx,32,6856.TWO
6859,伯特光,TPEx,26,6859.TWO
6861,睿生光電,TWSE,22,6861.TW
6862,三集瑞-KY,TWSE,28,6862.TW
6863,永道-KY,TWSE,27,6863.TW
6865,偉康科技,TPEx,36,6865.TWO
6869,雲豹能源,TWSE,35,6869.TW
6870,騰雲,TPEx,36,6870.TWO
6872,浩宇生醫,TPEx,22,6872.TWO
6873,泓德能源,TWSE,35,6873.TW
6874,倍力,TPEx,30,6874.TWO
6875,國邑*,TPEx,22,6875.TWO
6877,鏵友益,TPEx,31,6877.TWO
6881,潤德,TPEx,20,6881.TWO
6884,海柏特,TPEx,30,6884.TWO
6885,全福生技,TWSE,22,6885.TW
6887,寶綠特-KY,TWSE,35,6887.TW
6890,來億-KY,TWSE,37,6890.TW
6894,衛司特,TPEx,35,6894.TWO
6895,宏碩系統,TPEx,24,6895.TWO
6899,創為精密,TPEx,26,6899.TWO
6901,鑽石投資,TWSE,20,6901.TW
6902,GOGOLOOK,TWSE,36,6902.TW
6903,巨漢,TPEx,31,6903.TWO
6904,伯鑫,TPEx,20,6904.TWO
6906,現觀科,TWSE,36,6906.TW
6907,雅特力-KY,TPEx,24,6907.TWO
6908,宏碁遊戲-創,TWSE,29,6908.TW
6909,創控,TWSE,24,6909.TW
6910,德鴻,TPEx,36,6910.TWO
6913,鴻呈,TPEx,28,6913.TWO
6914,阜爾運通,TWSE,20,6914.TW
6916,華凌,TWSE,26,6916.TW
6918,愛派司,TWSE,22,6918.TW
6919,康霈*,TWSE,22,6919.TW
6921,嘉雨思-創,TWSE,24,6921.TW
6922,宸曜,TPEx,25,6922.TWO
6923,中台,TWSE,35,6923.TW
6924,榮惠-KY創,TWSE,28,6924.TW
6925,意藍,TPEx,36,6925.TWO
6928,攸泰科技,TWSE,25,6928.TW
6929,佑全,TPEx,22,6929.TWO
6931,青松健康,TWSE,22,6931.TW
6933,AMAX-KY,TWSE,25,6933.TW
6934,心誠鎂,TWSE,22,6934.TW
6936,永鴻生技,TWSE,22,6936.TW
6937,天虹,TWSE,24,6937.TW
6944,兆聯實業,TWSE,35,6944.TW
6949,沛爾生醫-創,TWSE,22,6949.TW
6951,青新-創,TWSE,35,6951.TW
6952,大武山,TWSE,20,6952.TW
6953,家碩,TPEx,24,6953.TWO
6955,邦睿生技-創,TWSE,22,6955.TW
6957,裕慶-KY,TWSE,20,6957.TW
6958,日盛台駿,TWSE,20,6958.TW
6961,旅天下,TPEx,16,6961.TWO
6962,奕力-KY,TWSE,24,6962.TW
6965,中傑-KY,TWSE,37,6965.TW
6967,汎瑋材料,TPEx,28,6967.TWO
6968,萬達寵物,TPEx,38,6968.TWO
6969,成信實業*-創,TWSE,35,6969.TW
6971,惠民實業,TPEx,35,6971.TWO
6982,大井泵浦,TPEx,05,6982.TWO
6983,華洋精機,TPEx,31,6983.TWO
6988,威力暘-創,TWSE,12,6988.TW
6994,富威電力,TWSE,35,6994.TW
6996,力領科技,TPEx,24,6996.TWO
6997,博弘,TPEx,36,6997.TWO
7402,邑錡,TPEx,26,7402.TWO
7547,碩網,TPEx,36,7547.TWO
7556,意德士科技,TPEx,24,7556.TWO
7584,樂意,TPEx,32,7584.TWO
7610,聯友金屬-創,TWSE,35,7610.TW
7631,聚賢研發-創,TWSE,31,7631.TW
7642,昶瑞機電,TPEx,05,7642.TWO
7703,銳澤,TPEx,31,7703.TWO
7704,明遠精密,TPEx,24,7704.TWO
7705,三商餐飲,TWSE,16,7705.TW
7708,全家餐飲,TPEx,16,7708.TWO
7709,榮田,TPEx,05,7709.TWO
7711,永擎,TWSE,25,7711.TW
7712,博盛半導體,TPEx,24,7712.TWO
7713,威力德生醫,TPEx,22,7713.TWO
7714,創泓科技,TPEx,36,7714.TWO
7715,裕山,TPEx,35,7715.TWO
7716,昱臺國際,TPEx,15,7716.TWO
7717,萊德光電-KY,TPEx,27,7717.TWO
7718,友鋮,TPEx,10,7718.TWO
7721,微程式,TWSE,36,7721.TW
7722,LINEPAY,TWSE,36,7722.TW
7723,築間,TPEx,16,7723.TWO
7728,光焱科技,TPEx,31,7728.TWO
7730,暉盛-創,TWSE,24,7730.TW
7732,金興精密,TWSE,12,7732.TW
7734,印能科技,TPEx,24,7734.TWO
7736,虎山,TWSE,12,7736.TW
7738,東聯互動,TPEx,36,7738.TWO
7740,熙特爾-創,TWSE,35,7740.TW
7743,金利食安,TPEx,02,7743.TWO
7744,崴寶,TPEx,28,7744.TWO
7747,昕奇雲端,TPEx,36,7747.TWO
7749,意騰-KY,TWSE,24,7749.TW
7750,新代,TWSE,05,7750.TW
7751,竑騰,TPEx,24,7751.TWO
7753,星亞,TPEx,26,7753.TWO
7757,金色三麥,TPEx,16,7757.TWO
7760,享溫馨,TWSE,16,7760.TW
7765,中華資安,TWSE,36,7765.TW
7767,仁大資訊,TPEx,30,7767.TWO
7768,頌勝科技,TWSE,24,7768.TW
7769,鴻勁,TWSE,24,7769.TW
7770,君曜,TPEx,24,7770.TWO
7772,耀穎,TPEx,24,7772.TWO
7777,能率亞洲,TPEx,20,7777.TWO
7780,大研生醫*,TWSE,02,7780.TW
7782,光速火箭,TPEx,38,7782.TWO
7786,東方風能,TWSE,35,7786.TW
7788,松川精密,TWSE,28,7788.TW
7791,皇家可口,TWSE,02,7791.TW
7792,安葆,TPEx,31,7792.TWO
7794,宏碁智新,TPEx,38,7794.TWO
7795,長廣,TWSE,28,7795.TW
7799,禾榮科,TWSE,22,7799.TW
7803,雲象科技-創,TWSE,22,7803.TW
7805,威聯通,TPEx,36,7805.TWO
7810,捷創科技,TPEx,24,7810.TWO
7811,民盛,TPEx,37,7811.TWO
7818,溢泰實業,TWSE,35,7818.TW
7819,精誠金融,TPEx,30,7819.TWO
7820,立盈,TPEx,35,7820.TWO
7821,神數,TWSE,12,7821.TW
7822,倍利科,TWSE,24,7822.TW
7823,奧義賽博-KY創,TWSE,36,7823.TW
7828,創新服務,TPEx,24,7828.TWO
7842,天能綠電,TPEx,35,7842.TWO
8011,台通,TWSE,27,8011.TW
8016,矽創,TWSE,24,8016.TW
8021,尖點,TWSE,31,8021.TW
8024,佑華,TPEx,24,8024.TWO
8027,鈦昇,TPEx,05,8027.TWO
8028,昇陽半導體,TWSE,24,8028.TW
8032,光菱,TPEx,29,8032.TWO
8033,雷虎,TWSE,20,8033.TW
8034,榮群,TPEx,27,8034.TWO
8038,長園科,TPEx,28,8038.TWO
8039,台虹,TWSE,28,8039.TW
8040,九暘,TPEx,24,8040.TWO
8042,金山電,TPEx,28,8042.TWO
8043,蜜望實,TPEx,28,8043.TWO
8044,網家,TPEx,36,8044.TWO
8045,達運光電,TWSE,27,8045.TW
8046,南電,TWSE,28,8046.TW
8047,星雲,TPEx,31,8047.TWO
8048,德勝,TPEx,27,8048.TWO
8049,晶采,TPEx,26,8049.TWO
8050,廣積,TPEx,25,8050.TWO
8054,安國,TPEx,24,8054.TWO
8059,凱碩,TPEx,27,8059.TWO
8064,東捷,TPEx,26,8064.TWO
8066,來思達,TPEx,38,8066.TWO
8067,志旭,TPEx,29,8067.TWO
8068,全達,TPEx,29,8068.TWO
8069,元太,TPEx,26,8069.TWO
8070,長華*,TWSE,29,8070.TW
8071,能率網通,TPEx,28,8071.TWO
8072,陞泰,TWSE,29,8072.TW
8074,鉅橡,TPEx,28,8074.TWO
8076,伍豐,TPEx,25,8076.TWO
8077,洛碁,TPEx,16,8077.TWO
8080,泰霖,TPEx,14,8080.TWO
8081,致新,TWSE,24,8081.TW
8083,瑞穎,TPEx,05,8083.TWO
8084,巨虹,TPEx,29,8084.TWO
8085,福華,TPEx,31,8085.TWO
8086,宏捷科,TPEx,24,8086.TWO
8087,麗升能源,TPEx,35,8087.TWO
8088,品安,TPEx,24,8088.TWO
8089,康全電訊,TPEx,27,8089.TWO
8091,翔名,TPEx,24,8091.TWO
8092,建暐,TPEx,31,8092.TWO
8093,保銳,TPEx,28,8093.TWO
8096,擎亞,TPEx,29,8096.TWO
8097,常珵,TPEx,27,8097.TWO
8099,大世科,TPEx,30,8099.TWO
8101,華冠,TWSE,27,8101.TW
8102,傑霖科技,TPEx,24,8102.TWO
8103,瀚荃,TWSE,28,8103.TW
8104,錸寶,TWSE,26,8104.TW
8105,凌巨,TWSE,26,8105.TW
8107,大億金茂,TPEx,05,8107.TWO
8109,博大,TPEx,28,8109.TWO
8110,華東,TWSE,24,8110.TW
8111,立碁,TPEx,26,8111.TWO
8112,至上,TWSE,29,8112.TW
8114,振樺電,TWSE,25,8114.TW
8121,越峰,TPEx,28,8121.TWO
8131,福懋科,TWSE,24,8131.TW
8147,正淩,TPEx,28,8147.TWO
8150,南茂,TWSE,24,8150.TW
8155,博智,TPEx,28,8155.TWO
8162,微矽電子-創,TWSE,24,8162.TW
8163,達方,TWSE,25,8163.TW
8171,天宇,TPEx,35,8171.TWO
8176,智捷,TPEx,27,8176.TWO
8182,加高,TPEx,28,8182.TWO
8183,精星,TPEx,31,8183.TWO
8201,無敵,TWSE,31,8201.TW
8210,勤誠,TWSE,25,8210.TW
8213,志超,TWSE,28,8213.TW
8215,明基材,TWSE,26,8215.TW
8222,寶一,TWSE,05,8222.TW
8227,巨有科技,TPEx,24,8227.TWO
8234,新漢,TPEx,25,8234.TWO
8240,華宏,TPEx,26,8240.TWO
8249,菱光,TWSE,28,8249.TW
8255,朋程,TPEx,05,8255.TWO
8261,富鼎,TWSE,24,8261.TW
8271,宇瞻,TWSE,24,8271.TW
8272,全景軟體,TPEx,30,8272.TWO
8277,商丞,TPEx,24,8277.TWO
8279,生展,TPEx,22,8279.TWO
8284,三竹,TPEx,30,8284.TWO
8289,泰藝,TPEx,28,8289.TWO
8291,尚茂,TPEx,28,8291.TWO
8299,群聯,TPEx,24,8299.TWO
8341,日友,TWSE,35,8341.TW
8342,益張,TPEx,20,8342.TWO
8349,恒耀國際,TPEx,10,8349.TWO
8354,冠好,TPEx,20,8354.TWO
8358,金居,TPEx,28,8358.TWO
8367,建新國際,TWSE,15,8367.TW
8374,羅昇,TWSE,05,8374.TW
8383,千附,TPEx,24,8383.TWO
8390,金益鼎,TPEx,35,8390.TWO
8401,白紗科,TPEx,20,8401.TWO
8403,盛弘,TPEx,22,8403.TWO
8404,百和興業-KY,TWSE,20,8404.TW
8409,商之器,TPEx,22,8409.TWO
8410,森田,TPEx,25,8410.TWO
8411,福貞-KY,TWSE,20,8411.TW
8415,大國鋼,TPEx,10,8415.TWO
8416,實威,TPEx,30,8416.TWO
8421,旭源,TPEx,20,8421.TWO
8422,可寧衛*,TWSE,35,8422.TW
8423,保綠-KY,TPEx,35,8423.TWO
8424,惠普,TPEx,14,8424.TWO
8426,紅木-KY,TPEx,20,8426.TWO
8429,金麗-KY,TWSE,18,8429.TW
8431,匯鑽科,TPEx,31,8431.TWO
8432,東生華,TPEx,22,8432.TWO
8433,弘帆,TPEx,38,8433.TWO
8435,鉅邁,TPEx,20,8435.TWO
8436,大江,TPEx,22,8436.TWO
8437,大地-KY,TPEx,20,8437.TWO
8438,昶昕,TWSE,35,8438.TW
8440,綠電,TPEx,35,8440.TWO
8442,威宏-KY,TWSE,20,8442.TW
8443,阿瘦,TWSE,18,8443.TW
8444,綠河-KY,TPEx,20,8444.TWO
8446,華研,TPEx,32,8446.TWO
8450,霹靂,TPEx,32,8450.TWO
8454,富邦媒,TWSE,36,8454.TW
8455,大拓-KY,TPEx,31,8455.TWO
8462,柏文,TWSE,37,8462.TW
8463,潤泰材,TWSE,20,8463.TW
8464,億豐,TWSE,38,8464.TW
8466,美吉吉-KY,TWSE,20,8466.TW
8467,波力-KY,TWSE,37,8467.TW
8472,夠麻吉,TPEx,36,8472.TWO
8473,山林水,TWSE,35,8473.TW
8476,台境*,TWSE,35,8476.TW
8477,創業家,TPEx,36,8477.TWO
8478,東哥遊艇,TWSE,37,8478.TW
8481,政伸,TWSE,20,8481.TW
8482,商億-KY,TWSE,38,8482.TW
8487,愛爾達-創,TWSE,36,8487.TW
8488,吉源-KY,TWSE,20,8488.TW
8489,三貝德,TPEx,20,8489.TWO
8499,鼎炫-KY,TWSE,31,8499.TW
8905,裕國,TPEx,20,8905.TWO
8906,花王,TPEx,20,8906.TWO
8908,欣雄,TPEx,23,8908.TWO
8916,光隆,TPEx,20,8916.TWO
8917,欣泰,TPEx,23,8917.TWO
8921,沈氏,TPEx,20,8921.TWO
8923,時報,TPEx,32,8923.TWO
8924,大田,TPEx,37,8924.TWO
8926,台汽電,TWSE,23,8926.TW
8927,北基,TPEx,23,8927.TWO
8928,鉅明,TPEx,37,8928.TWO
8929,富堡,TPEx,20,8929.TWO
8930,青鋼,TPEx,10,8930.TWO
8931,大汽電,TPEx,23,8931.TWO
8932,智通*,TPEx,20,8932.TWO
8933,愛地雅,TPEx,37,8933.TWO
8935,邦泰,TPEx,20,8935.TWO
8936,國統,TPEx,20,8936.TWO
8937,合騏*,TPEx,20,8937.TWO
8938,明安,TPEx,37,8938.TWO
8940,新天地,TWSE,16,8940.TW
8941,關中,TPEx,38,8941.TWO
8942,森鉅,TPEx,20,8942.TWO
8996,高力,TWSE,05,8996.TW
9103,美德醫療-DR,TWSE,91,9103.TW
9105,泰金寶-DR,TWSE,91,9105.TW
9110,越南控-DR,TWSE,91,9110.TW
9136,巨騰-DR,TWSE,91,9136.TW
9802,鈺齊-KY,TWSE,37,9802.TW
9902,台火,TWSE,20,9902.TW
9904,寶成,TWSE,37,9904.TW
9905,大華,TWSE,20,9905.TW
9906,欣巴巴,TWSE,14,9906.TW
9907,統一實,TWSE,20,9907.TW
9908,大台北,TWSE,23,9908.TW
9910,豐泰,TWSE,37,9910.TW
9911,櫻花,TWSE,38,9911.TW
9912,偉聯,TWSE,25,9912.TW
9914,美利達,TWSE,37,9914.TW
9917,中保科,TWSE,20,9917.TW
9918,欣天然,TWSE,23,9918.TW
9919,康那香,TWSE,20,9919.TW
9921,巨大,TWSE,37,9921.TW
9924,福興,TWSE,38,9924.TW
9925,新保,TWSE,20,9925.TW
9926,新海,TWSE,23,9926.TW
9927,泰銘,TWSE,20,9927.TW
9928,中視,TWSE,20,9928.TW
9929,秋雨,TWSE,20,9929.TW
9930,中聯資源,TWSE,35,9930.TW
9931,欣高,TWSE,23,9931.TW
9933,中鼎,TWSE,20,9933.TW
9934,成霖,TWSE,38,9934.TW
9935,慶豐富,TWSE,38,9935.TW
9937,全國,TWSE,23,9937.TW
9938,百和,TWSE,20,9938.TW
9939,宏全,TWSE,20,9939.TW
9940,信義,TWSE,20,9940.TW
9941,裕融,TWSE,20,9941.TW
9942,茂順,TWSE,20,9942.TW
9943,好樂迪,TWSE,16,9943.TW
9944,新麗,TWSE,20,9944.TW
9945,潤泰新,TWSE,20,9945.TW
9946,三發地產,TWSE,14,9946.TW
9949,琉園,TPEx,32,9949.TWO
9950,萬國通,TPEx,03,9950.TWO
9951,皇田,TPEx,05,9951.TWO
9955,佳龍,TWSE,35,9955.TW
9958,世紀鋼,TWSE,10,9958.TW
9960,邁達康,TPEx,37,9960.TWO
9962,有益,TPEx,10,9962.TWO
